2025-10-20_22-45-50,None,draft.py:2025-10-20_22-45-50
2025-10-20_22-47-09,None,draft.py:2025-10-20_22-47-09
2025-10-20_22-49-47,None,draft.py:2025-10-20_22-49-47
2025-10-20_22-50-01,None,draft.py:2025-10-20_22-50-01
2025-10-21_18-37-02,None,draft.py:2025-10-20_22-50-01
2025-10-21_18-38-06,None,draft.py:2025-10-21_18-38-06
2025-10-21_19-51-08,None,draft.py:2025-10-21_19-51-08
2025-10-21_19-51-45,None,draft.py:2025-10-21_19-51-45
2025-10-21_19-52-16,None,draft.py:2025-10-21_19-52-16
2025-10-21_19-52-20,None,draft.py:2025-10-21_19-52-20
2025-10-21_19-52-21,None,draft.py:2025-10-21_19-52-20
2025-10-21_19-52-38,None,draft.py:2025-10-21_19-52-38
2025-10-21_19-52-39,None,draft.py:2025-10-21_19-52-38
2025-10-21_19-52-40,None,draft.py:2025-10-21_19-52-38
2025-10-21_19-52-55,None,draft.py:2025-10-21_19-52-55
2025-10-21_19-52-56,None,draft.py:2025-10-21_19-52-55
2025-10-21_19-55-12,None,draft.py:2025-10-21_19-52-55
2025-10-21_19-55-13,None,draft.py:2025-10-21_19-52-55
