2025-10-14_19-27-04,None,draft.py:2025-10-14_19-27-04
2025-10-14_19-34-00,None,draft.py:2025-10-14_19-34-00
2025-10-14_19-35-55,None,draft.py:2025-10-14_19-35-55
2025-10-19_15-29-13,None,draft.py:2025-10-19_15-29-13
2025-10-19_16-21-23,None,draft.py:2025-10-19_16-21-23
2025-10-19_17-11-47,None,draft.py:2025-10-19_17-11-47
2025-10-19_17-13-01,None,draft.py:2025-10-19_17-13-01
2025-10-20_18-41-20,None,draft.py:2025-10-20_18-41-20
2025-10-20_18-44-10,None,draft.py:2025-10-20_18-44-10
2025-10-20_18-44-46,None,draft.py:2025-10-20_18-44-46
2025-10-20_18-48-12,None,draft.py:2025-10-20_18-48-12
2025-10-20_18-48-50,None,draft.py:2025-10-20_18-48-50
2025-10-20_18-52-15,None,draft.py:2025-10-20_18-52-15
2025-10-20_18-52-15,None,draft.py:2025-10-20_18-52-15
2025-10-20_18-52-16,None,draft.py:2025-10-20_18-52-16
2025-10-20_18-52-16,None,draft.py:2025-10-20_18-52-16
2025-10-20_18-52-17,None,draft.py:2025-10-20_18-52-17
2025-10-20_18-52-23,None,draft.py:2025-10-20_18-52-23
2025-10-20_18-52-26,None,draft.py:2025-10-20_18-52-23
2025-10-20_18-52-39,None,draft.py:2025-10-20_18-52-39
2025-10-20_18-52-49,None,draft.py:2025-10-20_18-52-49
2025-10-20_18-53-02,None,draft.py:2025-10-20_18-53-02
2025-10-20_18-55-24,None,draft.py:2025-10-20_18-55-24
2025-10-20_18-56-25,None,draft.py:2025-10-20_18-56-25
2025-10-20_18-56-41,None,draft.py:2025-10-20_18-56-41
2025-10-20_18-56-42,None,draft.py:2025-10-20_18-56-41
2025-10-20_18-56-43,None,draft.py:2025-10-20_18-56-41
2025-10-20_18-57-43,None,draft.py:2025-10-20_18-57-43
2025-10-20_18-57-45,None,draft.py:2025-10-20_18-57-43
2025-10-20_18-58-05,None,draft.py:2025-10-20_18-58-05
2025-10-20_18-58-06,None,draft.py:2025-10-20_18-58-05
2025-10-20_18-58-55,None,draft.py:2025-10-20_18-58-55
2025-10-20_18-59-47,None,draft.py:2025-10-20_18-59-47
2025-10-20_19-00-11,None,draft.py:2025-10-20_19-00-11
2025-10-20_19-00-20,None,draft.py:2025-10-20_19-00-20
2025-10-20_19-00-58,None,draft.py:2025-10-20_19-00-58
2025-10-20_19-01-06,None,draft.py:2025-10-20_19-01-06
2025-10-20_19-03-37,None,draft.py:2025-10-20_19-03-37
2025-10-20_19-04-06,None,draft.py:2025-10-20_19-04-06
2025-10-20_19-04-30,None,draft.py:2025-10-20_19-04-30
2025-10-20_19-05-14,None,draft.py:2025-10-20_19-05-14
2025-10-20_19-05-56,None,draft.py:2025-10-20_19-05-56
2025-10-20_19-06-16,None,draft.py:2025-10-20_19-06-16
2025-10-20_19-06-45,None,draft.py:2025-10-20_19-06-45
2025-10-20_19-06-47,None,draft.py:2025-10-20_19-06-45
2025-10-20_19-08-31,None,draft.py:2025-10-20_19-08-31
2025-10-20_19-11-16,None,draft.py:2025-10-20_19-11-16
2025-10-20_19-11-27,None,draft.py:2025-10-20_19-11-16
2025-10-20_19-13-15,None,draft.py:2025-10-20_19-13-15
2025-10-20_19-13-33,None,draft.py:2025-10-20_19-13-33
2025-10-20_19-16-31,None,draft.py:2025-10-20_19-16-31
2025-10-20_19-16-47,None,draft.py:2025-10-20_19-16-47
2025-10-20_19-21-30,None,draft.py:2025-10-20_19-21-30
2025-10-20_19-22-12,None,draft.py:2025-10-20_19-22-12
2025-10-27_18-33-03,None,draft.py:2025-10-27_18-33-03
